Nama Produk,Harga Produk,Jumlah Barang Yang Terjual,Tautan Produk,Tautan Citra
"BRANKAS DIGITAL Safety Deposit Box Electronic Safe Box Cash Box - KSB-30A, BARANG BARU",875000,250,https://www.tokopedia.com/kozure/brankas-digital-safety-deposit-box-electronic-safe-box-cash-box-ksb-30a-barang-baru-b204b?extParam=ivf%3Dfalse&src=topads,https://images.tokopedia.net/img/cache/200-square/VqbcmM/2023/7/26/b6f016eb-7a2f-46b9-ae96-29b5af536d7d.jpg.webp?ect=4g
New Safe Deposit Box Brankas Mini Tahan Api Brangkas Uang Cash Dokumen,1007900,5,https://www.tokopedia.com/bosonlinestore/new-safe-deposit-box-brankas-mini-tahan-api-brangkas-uang-cash-dokumen?extParam=ivf%3Dfalse%26keyword%3Dbrankas+terbaru%26search_id%3D20241123074901C050E657A5163A0498M3%26src%3Dsearch,https://images.tokopedia.net/img/cache/200-square/VqbcmM/2023/8/8/0668e395-18da-4b70-91ef-77b81aada603.jpg.webp?ect=4g
Deli Brankas Besi Digital Double Unlocking Step LED Display ET55X,2500000,100,https://www.tokopedia.com/delioa/deli-brankas-besi-digital-double-unlocking-step-led-display-et55x?extParam=ivf%3Dfalse&src=topads,https://images.tokopedia.net/img/cache/200-square/VqbcmM/2023/7/3/28bb0570-f4ab-40a8-821b-544de8a2f0e5.jpg.webp?ect=4g
New Safe Deposit Box Brankas Mini Tahan Api Brangkas Uang Cash Dokumen,1007900,5,https://www.tokopedia.com/bosonlinestore/new-safe-deposit-box-brankas-mini-tahan-api-brangkas-uang-cash-dokumen?extParam=ivf%3Dfalse&src=topads,https://images.tokopedia.net/img/cache/200-square/VqbcmM/2023/8/8/0668e395-18da-4b70-91ef-77b81aada603.jpg.webp?ect=4g
NEW SAFETY BOX 5L / BIOHAZARD / TEMPAT LIMBAH JARUM SUNTIK TERMURAH,8365,15,https://www.tokopedia.com/thaliaho/new-safety-box-5l-biohazard-tempat-limbah-jarum-suntik-termurah-box-coklat?extParam=ivf%3Dfalse%26keyword%3Dbrankas+terbaru%26search_id%3D20241123074901C050E657A5163A0498M3%26src%3Dsearch,https://images.tokopedia.net/img/cache/200-square/VqbcmM/2021/6/21/5018cf64-5ba3-40e2-a0ee-fcb29f3baf25.jpg.webp?ect=4g
BRANKAS DIGITAL Kozure KSB 30A Safety Deposit Box ,825500,30,https://www.tokopedia.com/kozure/brankas-digital-kozure-ksb-30a-safety-deposit-box?extParam=cmp%3D1%26ivf%3Dfalse&src=topads,https://images.tokopedia.net/img/cache/200-square/VqbcmM/2023/11/30/2fb30676-041c-4d4f-abbf-ed2a2d5edf53.jpg.webp?ect=4g
Celengan Anjing & Musik | Mainan Anjing Brankas Besar Gigit Tulang New,114939,2,https://www.tokopedia.com/kidsstoretoys/celengan-anjing-musik-mainan-anjing-brankas-besar-gigit-tulang-new?extParam=ivf%3Dfalse%26keyword%3Dbrankas+terbaru%26src%3Dsearch,https://images.tokopedia.net/img/cache/200-square/hDjmkQ/2024/1/12/be8ba62b-4b6f-4c7b-9cf3-79f3290380fd.jpg.webp?ect=4g
Deli Brankas Besi Digital Safe Box Double Unlocking  38x32x45 ET551,1570000,50,https://www.tokopedia.com/delioa/deli-brankas-besi-digital-safe-box-double-unlocking-38x32x45-et551?extParam=ivf%3Dfalse&src=topads,https://images.tokopedia.net/img/cache/200-square/VqbcmM/2024/1/23/56bfcb87-1999-45d2-baa1-d826d07f7722.jpg.webp?ect=4g
Deli Brankas Besi Digital Safe Box Double Unlocking 35x25x25 ET550,719000,30,https://www.tokopedia.com/delioa/deli-brankas-besi-digital-safe-box-double-unlocking-35x25x25-et550?extParam=ivf%3Dfalse&src=topads,https://images.tokopedia.net/img/cache/200-square/VqbcmM/2024/7/11/a168c864-fc4e-44f5-b770-4cb4bd013808.jpg.webp?ect=4g
YALE Safe Box Brankas YLV/200/DB2 ORIGINAL,1850000,13,https://www.tokopedia.com/yaleofficial/yale-safe-box-brankas-ylv-200-db2-original?extParam=cmp%3D1%26ivf%3Dfalse&src=topads,https://images.tokopedia.net/img/cache/200-square/VqbcmM/2024/6/12/d1914f7c-e17f-4de5-8856-c36cdd013f0a.jpg.webp?ect=4g
Safety Box Topas Brankas Topas FD195C,822500,30,https://www.tokopedia.com/kingqueenshop/safety-box-topas-brankas-topas-fd195c?extParam=ivf%3Dtrue&src=topads,https://images.tokopedia.net/img/cache/200-square/VqbcmM/2022/12/20/cfdb6e13-04a7-483c-b3b2-3c985d24a989.jpg.webp?ect=4g
Krisbow Brankas Besi 17fp 1/3 mm - Hitam Brangkas Safety Box Tempat Barang Berharga Berangkas,429900,12,https://www.tokopedia.com/aceindonesiaid/krisbow-brankas-besi-17fp-1-3-mm-hitam-brangkas-safety-box-tempat-barang-berharga-berangkas?extParam=ivf%3Dfalse%26whid%3D14147112&src=topads,https://images.tokopedia.net/img/cache/200-square/hDjmkQ/2024/11/19/defa1a53-40ea-42c6-bcdc-6f8506b2d3c9.jpg.webp?ect=4g
Brankas / Brangkas Uchida BK-172 Tahan Api BERGARANSI 5 Tahun - JABODETABEK,9750000,29,https://www.tokopedia.com/mutoh2000/brankas-brangkas-uchida-bk-172-tahan-api-bergaransi-5-tahun-jabodetabek-00fdb?extParam=ivf%3Dfalse&src=topads,https://images.tokopedia.net/img/cache/200-square/VqbcmM/2024/11/12/1d4c5879-3fe9-43c6-b9c5-3fe4fe77a89b.jpg.webp?ect=4g
BRANKAS MINI SAFETY CASH BOX KOTAK BRANGKAS UANG SERTIFIKAT DOKUMEN,102900,100,https://www.tokopedia.com/bstore-id/brankas-mini-safety-cash-box-kotak-brangkas-uang-sertifikat-dokumen-m-1baa?extParam=ivf%3Dtrue&src=topads,https://images.tokopedia.net/img/cache/200-square/VqbcmM/2024/7/21/777ffba0-5492-4434-a166-2d2625e2b696.jpg.webp?ect=4g
Brankas / Brangkas Uchida HS-36 Tahan Api BERGARANSI 5 Tahun - JABODETABEK,2678000,100,https://www.tokopedia.com/mutoh2000/brankas-brangkas-uchida-hs-36-tahan-api-bergaransi-5-tahun-jabodetabek-26dfb?extParam=ivf%3Dtrue&src=topads,https://images.tokopedia.net/img/cache/200-square/VqbcmM/2024/11/12/25011efd-35d1-45ff-b0dd-aea0d428520f.jpg.webp?ect=4g
Brankas / Brangkas Uchida BK-S Tahan Api BERGARANSI 5 Tahun,2548000,500,https://www.tokopedia.com/mutoh2000/brankas-brangkas-uchida-bk-s-tahan-api-bergaransi-5-tahun-cokelat-jabodetabek-68d21?extParam=ivf%3Dtrue&src=topads,https://images.tokopedia.net/img/cache/200-square/VqbcmM/2024/11/12/dde42d50-dedc-43eb-b9fc-fc3f22e8358d.jpg.webp?ect=4g
Brankas / Brangkas Uchida HS-50 Tahan Api BERGARANSI 5 Tahun,2678000,100,https://www.tokopedia.com/mutoh2000/brankas-brangkas-uchida-hs-50-tahan-api-bergaransi-5-tahun-jabodetabek-c903b?extParam=ivf%3Dtrue&src=topads,https://images.tokopedia.net/img/cache/200-square/VqbcmM/2024/11/12/4e74cca5-0747-4d3e-977d-5762d57ab1d1.jpg.webp?ect=4g
Kotak Brankas Brangkas Berangkas Berankas Hotel Mini Kode Password,315810,14,https://www.tokopedia.com/cmagstore/kotak-brankas-brangkas-berangkas-berankas-hotel-mini-kode-password-hitam?extParam=ivf%3Dfalse&src=topads,https://images.tokopedia.net/img/cache/200-square/VqbcmM/2022/7/31/e7f5ee50-04c7-4153-8d8a-2fd792cb46dc.jpg.webp?ect=4g
KOTAK BRANKAS HOTEL BRANGKAS UANG SAFETY BOX KEY PASSWORD TAHAN API,479900,3,https://www.tokopedia.com/ody-store/kotak-brankas-hotel-brangkas-uang-safety-box-key-password-tahan-api?extParam=ivf%3Dfalse&src=topads,https://images.tokopedia.net/img/cache/200-square/VqbcmM/2024/7/17/21244d78-4152-4c24-aeeb-931c0b709499.jpg.webp?ect=4g
Safety Deposit Box Berangkas Uang Cash Brankas Kecil Brangkas Medium,102900,60,https://www.tokopedia.com/uniqin/safety-deposit-box-berangkas-uang-cash-brankas-kecil-brangkas-medium-m-9a231?extParam=ivf%3Dtrue&src=topads,https://images.tokopedia.net/img/cache/200-square/VqbcmM/2023/4/26/f2a6a295-8f78-4879-8fb9-7d326e91e2f5.jpg.webp?ect=4g
"BRANKAS DIGITAL Safety Deposit Box Electronic Safe Box Cash Box - KSB-30A, BARANG BARU",875000,250,https://www.tokopedia.com/kozure/brankas-digital-safety-deposit-box-electronic-safe-box-cash-box-ksb-30a-barang-baru-b204b?extParam=ivf%3Dfalse&src=topads,https://images.tokopedia.net/img/cache/200-square/VqbcmM/2023/7/26/b6f016eb-7a2f-46b9-ae96-29b5af536d7d.jpg.webp?ect=4g
Deli Brankas Besi Digital Double Unlocking Step LED Display ET55X,2500000,100,https://www.tokopedia.com/delioa/deli-brankas-besi-digital-double-unlocking-step-led-display-et55x?extParam=ivf%3Dfalse&src=topads,https://images.tokopedia.net/img/cache/200-square/VqbcmM/2023/7/3/28bb0570-f4ab-40a8-821b-544de8a2f0e5.jpg.webp?ect=4g
New Safe Deposit Box Brankas Mini Tahan Api Brangkas Uang Cash Dokumen,1007900,5,https://www.tokopedia.com/bosonlinestore/new-safe-deposit-box-brankas-mini-tahan-api-brangkas-uang-cash-dokumen?extParam=ivf%3Dfalse&src=topads,https://images.tokopedia.net/img/cache/200-square/VqbcmM/2023/8/8/0668e395-18da-4b70-91ef-77b81aada603.jpg.webp?ect=4g
BRANKAS DIGITAL Kozure KSB 30A Safety Deposit Box ,825500,30,https://www.tokopedia.com/kozure/brankas-digital-kozure-ksb-30a-safety-deposit-box?extParam=cmp%3D1%26ivf%3Dfalse&src=topads,https://images.tokopedia.net/img/cache/200-square/VqbcmM/2023/11/30/2fb30676-041c-4d4f-abbf-ed2a2d5edf53.jpg.webp?ect=4g
Deli Brankas Besi Digital Safe Box Double Unlocking  38x32x45 ET551,1570000,50,https://www.tokopedia.com/delioa/deli-brankas-besi-digital-safe-box-double-unlocking-38x32x45-et551?extParam=ivf%3Dfalse&src=topads,https://images.tokopedia.net/img/cache/200-square/VqbcmM/2024/1/23/56bfcb87-1999-45d2-baa1-d826d07f7722.jpg.webp?ect=4g
Deli Brankas Besi Digital Safe Box Double Unlocking 35x25x25 ET550,719000,30,https://www.tokopedia.com/delioa/deli-brankas-besi-digital-safe-box-double-unlocking-35x25x25-et550?extParam=ivf%3Dfalse&src=topads,https://images.tokopedia.net/img/cache/200-square/VqbcmM/2024/7/11/a168c864-fc4e-44f5-b770-4cb4bd013808.jpg.webp?ect=4g
YALE Safe Box Brankas YLV/200/DB2 ORIGINAL,1850000,13,https://www.tokopedia.com/yaleofficial/yale-safe-box-brankas-ylv-200-db2-original?extParam=cmp%3D1%26ivf%3Dfalse&src=topads,https://images.tokopedia.net/img/cache/200-square/VqbcmM/2024/6/12/d1914f7c-e17f-4de5-8856-c36cdd013f0a.jpg.webp?ect=4g
Safety Box Topas Brankas Topas FD195C,822500,30,https://www.tokopedia.com/kingqueenshop/safety-box-topas-brankas-topas-fd195c?extParam=ivf%3Dtrue&src=topads,https://images.tokopedia.net/img/cache/200-square/VqbcmM/2022/12/20/cfdb6e13-04a7-483c-b3b2-3c985d24a989.jpg.webp?ect=4g
Krisbow Brankas Besi 17fp 1/3 mm - Hitam Brangkas Safety Box Tempat Barang Berharga Berangkas,429900,12,https://www.tokopedia.com/aceindonesiaid/krisbow-brankas-besi-17fp-1-3-mm-hitam-brangkas-safety-box-tempat-barang-berharga-berangkas?extParam=ivf%3Dfalse%26whid%3D14147112&src=topads,https://images.tokopedia.net/img/cache/200-square/hDjmkQ/2024/11/19/defa1a53-40ea-42c6-bcdc-6f8506b2d3c9.jpg.webp?ect=4g
Deposit Cash Box Berangkas Tahan Api Brankas Dokumen Ijazah Sertifikat,1007900,4,https://www.tokopedia.com/uniqin/deposit-cash-box-berangkas-tahan-api-brankas-dokumen-ijazah-sertifikat?extParam=ivf%3Dfalse&src=topads,https://images.tokopedia.net/img/cache/200-square/hDjmkQ/2023/5/31/8e4f5a2c-a77a-43b8-b31e-05f0236fb69b.jpg.webp?ect=4g
Brankas / Brangkas Uchida BK-172 Tahan Api BERGARANSI 5 Tahun - JABODETABEK,9750000,29,https://www.tokopedia.com/mutoh2000/brankas-brangkas-uchida-bk-172-tahan-api-bergaransi-5-tahun-jabodetabek-00fdb?extParam=ivf%3Dfalse&src=topads,https://images.tokopedia.net/img/cache/200-square/VqbcmM/2024/11/12/1d4c5879-3fe9-43c6-b9c5-3fe4fe77a89b.jpg.webp?ect=4g
BRANKAS MINI SAFETY CASH BOX KOTAK BRANGKAS UANG SERTIFIKAT DOKUMEN,102900,100,https://www.tokopedia.com/bstore-id/brankas-mini-safety-cash-box-kotak-brangkas-uang-sertifikat-dokumen-m-1baa?extParam=ivf%3Dtrue&src=topads,https://images.tokopedia.net/img/cache/200-square/VqbcmM/2024/7/21/777ffba0-5492-4434-a166-2d2625e2b696.jpg.webp?ect=4g
Brankas / Brangkas Uchida HS-36 Tahan Api BERGARANSI 5 Tahun - JABODETABEK,2678000,100,https://www.tokopedia.com/mutoh2000/brankas-brangkas-uchida-hs-36-tahan-api-bergaransi-5-tahun-jabodetabek-26dfb?extParam=ivf%3Dtrue&src=topads,https://images.tokopedia.net/img/cache/200-square/VqbcmM/2024/11/12/25011efd-35d1-45ff-b0dd-aea0d428520f.jpg.webp?ect=4g
Brankas / Brangkas Uchida BK-S Tahan Api BERGARANSI 5 Tahun,2548000,500,https://www.tokopedia.com/mutoh2000/brankas-brangkas-uchida-bk-s-tahan-api-bergaransi-5-tahun-cokelat-jabodetabek-68d21?extParam=ivf%3Dtrue&src=topads,https://images.tokopedia.net/img/cache/200-square/VqbcmM/2024/11/12/dde42d50-dedc-43eb-b9fc-fc3f22e8358d.jpg.webp?ect=4g
Brankas / Brangkas Uchida HS-50 Tahan Api BERGARANSI 5 Tahun,2678000,100,https://www.tokopedia.com/mutoh2000/brankas-brangkas-uchida-hs-50-tahan-api-bergaransi-5-tahun-jabodetabek-c903b?extParam=ivf%3Dtrue&src=topads,https://images.tokopedia.net/img/cache/200-square/VqbcmM/2024/11/12/4e74cca5-0747-4d3e-977d-5762d57ab1d1.jpg.webp?ect=4g
Kotak Brankas Brangkas Berangkas Berankas Hotel Mini Kode Password,315810,14,https://www.tokopedia.com/cmagstore/kotak-brankas-brangkas-berangkas-berankas-hotel-mini-kode-password-hitam?extParam=ivf%3Dfalse&src=topads,https://images.tokopedia.net/img/cache/200-square/VqbcmM/2022/7/31/e7f5ee50-04c7-4153-8d8a-2fd792cb46dc.jpg.webp?ect=4g
KOTAK BRANKAS HOTEL BRANGKAS UANG SAFETY BOX KEY PASSWORD TAHAN API,479900,3,https://www.tokopedia.com/ody-store/kotak-brankas-hotel-brangkas-uang-safety-box-key-password-tahan-api?extParam=ivf%3Dfalse&src=topads,https://images.tokopedia.net/img/cache/200-square/VqbcmM/2024/7/17/21244d78-4152-4c24-aeeb-931c0b709499.jpg.webp?ect=4g
Safety Deposit Box Berangkas Uang Cash Brankas Kecil Brangkas Medium,102900,60,https://www.tokopedia.com/uniqin/safety-deposit-box-berangkas-uang-cash-brankas-kecil-brangkas-medium-m-9a231?extParam=ivf%3Dtrue&src=topads,https://images.tokopedia.net/img/cache/200-square/VqbcmM/2023/4/26/f2a6a295-8f78-4879-8fb9-7d326e91e2f5.jpg.webp?ect=4g
Deli Brankas Besi Digital Safe Box Double Unlocking  38x32x45 ET551,1570000,50,https://www.tokopedia.com/delioa/deli-brankas-besi-digital-safe-box-double-unlocking-38x32x45-et551?extParam=ivf%3Dfalse&src=topads,https://images.tokopedia.net/img/cache/200-square/VqbcmM/2024/1/23/56bfcb87-1999-45d2-baa1-d826d07f7722.jpg.webp?ect=4g
Deli Brankas Besi Digital Safe Box Double Unlocking 35x25x25 ET550,719000,30,https://www.tokopedia.com/delioa/deli-brankas-besi-digital-safe-box-double-unlocking-35x25x25-et550?extParam=ivf%3Dfalse&src=topads,https://images.tokopedia.net/img/cache/200-square/VqbcmM/2024/7/11/a168c864-fc4e-44f5-b770-4cb4bd013808.jpg.webp?ect=4g
YALE Safe Box Brankas YLV/200/DB2 ORIGINAL,1850000,13,https://www.tokopedia.com/yaleofficial/yale-safe-box-brankas-ylv-200-db2-original?extParam=cmp%3D1%26ivf%3Dfalse&src=topads,https://images.tokopedia.net/img/cache/200-square/VqbcmM/2024/6/12/d1914f7c-e17f-4de5-8856-c36cdd013f0a.jpg.webp?ect=4g
Deli Brankas Besi Digital Safe Box Double Unlocking  38x32x45 ET551,1570000,50,https://www.tokopedia.com/delioa/deli-brankas-besi-digital-safe-box-double-unlocking-38x32x45-et551?extParam=ivf%3Dfalse&src=topads,https://images.tokopedia.net/img/cache/200-square/VqbcmM/2024/1/23/56bfcb87-1999-45d2-baa1-d826d07f7722.jpg.webp?ect=4g
Deli Brankas Besi Digital Safe Box Double Unlocking 35x25x25 ET550,719000,30,https://www.tokopedia.com/delioa/deli-brankas-besi-digital-safe-box-double-unlocking-35x25x25-et550?extParam=ivf%3Dfalse&src=topads,https://images.tokopedia.net/img/cache/200-square/VqbcmM/2024/7/11/a168c864-fc4e-44f5-b770-4cb4bd013808.jpg.webp?ect=4g
YALE Safe Box Brankas YLV/200/DB2 ORIGINAL,1850000,13,https://www.tokopedia.com/yaleofficial/yale-safe-box-brankas-ylv-200-db2-original?extParam=cmp%3D1%26ivf%3Dfalse&src=topads,https://images.tokopedia.net/img/cache/200-square/VqbcmM/2024/6/12/d1914f7c-e17f-4de5-8856-c36cdd013f0a.jpg.webp?ect=4g
