Nama Produk,Harga Produk,Jumlah Barang Produk Yang Terjual
TERLARIS - Mainan Anak Money Safe Celengan Tabungan Mini Brankas,27500,3
Brankas Safe Deposit Box Kotak Penyimpanan 43x35x20cm,691500,40
BRANKAS DIGITAL Kozure KSB 30A Safety Deposit Box ,875000,30
Brankas Hotel Safety Security Deposit Box LCD Touch Screen Tahan Api,1600000,100
Brankas Buku / Brankas Bentuk Buku Novel / Brankas Buku Mini / Book Safe Password + Kunci Manual 15x5x24 cm ET647,108000,16
Brankas Mini Elektrik Brankas Digital Untuk Hotel Kantor Rumah - Dark Grey,229000,8
YALE Safe Box Brankas YLV/200/DB2 ORIGINAL,1850000,13
BRANKAS MINI TAHAN API DEPOSIT BOX SIMPAN UANG CASH BARANG BERHARGA,96900,750
Krisbow Brankas Besi 17fp 1/3 mm - Hitam Brangkas Safety Box Tempat Barang Berharga Berangkas,429900,12
Safety Box Topas Brankas Topas FD195C,822500,30
Brankas / Brangkas Uchida BK-S Tahan Api BERGARANSI 5 Tahun,2548000,500
Kotak Brankas Hotel Safety Deposit Box Password Brangkas Elektrik,593895,2
KOTAK BRANKAS HOTEL BRANGKAS UANG SAFETY BOX KEY PASSWORD TAHAN API,479900,3
Safety Deposit Box Berangkas Uang Cash Brankas Kecil Brangkas Medium,102900,60
brankas brangkas besi anti api manual UCHIDA KATALOG,2548000,60
BRANKAS DIGITAL Safety Deposit Box Electronic Safe Box Cash Box,875000,250
BRANKAS DIGITAL Kozure KSB 30A Safety Deposit Box ,875000,30
Brankas Hotel Safety Security Deposit Box LCD Touch Screen Tahan Api,1600000,100
Brankas Buku / Brankas Bentuk Buku Novel / Brankas Buku Mini / Book Safe Password + Kunci Manual 15x5x24 cm ET647,108000,16
Brankas Mini Elektrik Brankas Digital Untuk Hotel Kantor Rumah - Dark Grey,229000,8
YALE Safe Box Brankas YLV/200/DB2 ORIGINAL,1850000,13
BRANKAS MINI TAHAN API DEPOSIT BOX SIMPAN UANG CASH BARANG BERHARGA,96900,750
Krisbow Brankas Besi 17fp 1/3 mm - Hitam Brangkas Safety Box Tempat Barang Berharga Berangkas,429900,12
Safety Box Topas Brankas Topas FD195C,822500,30
BRANKAS MINI SAFETY CASH BOX KOTAK BRANGKAS UANG SERTIFIKAT DOKUMEN - M,102900,100
Brankas / Brangkas Uchida BK-K Tahan Api BERGARANSI 5 Tahun,6656000,100
Kotak Brankas Baja Hotel Safe Deposit Box Password,398000,2
Brankas / Brangkas Uchida HS-50 Tahan Api BERGARANSI 5 Tahun - JABODETABEK,2678000,100
New Safe Deposit Box Brankas Mini Tahan Api Brangkas Uang Cash Dokumen,1007900,5
Brankas / Brangkas Uchida BK-172 Tahan Api BERGARANSI 5 Tahun - JABODETABEK,9750000,29
Brankas / Brangkas Uchida BK-S Tahan Api BERGARANSI 5 Tahun,2548000,500
Kotak Brankas Hotel Safety Deposit Box Password Brangkas Elektrik,593895,2
KOTAK BRANKAS HOTEL BRANGKAS UANG SAFETY BOX KEY PASSWORD TAHAN API,479900,3
Safety Deposit Box Berangkas Uang Cash Brankas Kecil Brangkas Medium,102900,60
brankas brangkas besi anti api manual UCHIDA KATALOG,2548000,60
BRANKAS DIGITAL Kozure KSB 30A Safety Deposit Box ,875000,30
Brankas Hotel Safety Security Deposit Box LCD Touch Screen Tahan Api,1600000,100
Brankas Buku / Brankas Bentuk Buku Novel / Brankas Buku Mini / Book Safe Password + Kunci Manual 15x5x24 cm ET647,108000,16
Brankas Mini Elektrik Brankas Digital Untuk Hotel Kantor Rumah - Dark Grey,229000,8
BRANKAS DOKUMEN BRANGKAS SURAT BERANGKAS SERTIFIKAT MINI SAFETY BOX,292900,250
YALE Safe Box Brankas YLV/200/DB2 ORIGINAL,1850000,13
BRANKAS MINI TAHAN API DEPOSIT BOX SIMPAN UANG CASH BARANG BERHARGA,96900,750
Krisbow Brankas Besi 17fp 1/3 mm - Hitam Brangkas Safety Box Tempat Barang Berharga Berangkas,429900,12
Krisbow Brankas Besi 17fp 1/3 mm - Putih Brangkas Safety Box Tempat Barang Berharga Berangkas,429900,5
Brankas Mini Electric Password Box Tempat Penyimpanan Uang Perhiasan,65900,40
Brankas Tempat Barang Berharga Berangkas  dengan Kata Sandi Password Box 23X17X17 cm,195000,30
Safety Box Topas Brankas Topas FD195C,822500,30
